animal_id,cage_id,date,group,replicate,day,p_lowU
9275,4919,2025-01-08,dose25,Rep1,2,0.2738204498479015
9275,4919,2025-01-09,dose25,Rep1,3,9.13951405380881e-06
9275,4919,2025-01-10,dose25,Rep1,4,0.9874639740739704
9275,4919,2025-01-11,dose25,Rep1,5,0.9301412797430926
9275,4919,2025-01-12,dose25,Rep1,6,0.9950530721462014
9275,4919,2025-01-13,dose25,Rep1,7,0.9995410416097599
9275,4919,2025-01-14,dose25,Rep1,8,0.0003827739466191375
9275,4919,2025-01-15,dose25,Rep1,9,0.9999991997962909
9275,4919,2025-01-16,dose25,Rep1,10,0.9999939439780647
9275,4919,2025-01-17,dose25,Rep1,11,0.012461374166873412
9275,4919,2025-01-18,dose25,Rep1,12,0.9994803741799831
9275,4919,2025-01-19,dose25,Rep1,13,0.9999972267340854
9275,4919,2025-01-20,dose25,Rep1,14,0.9999332515483401
9275,4919,2025-01-21,dose25,Rep1,15,2.862300902800301e-05
9275,4919,2025-01-22,dose25,Rep1,16,0.999985616594141
9276,4919,2025-01-08,dose25,Rep1,2,2.3005145343452326e-153
9276,4919,2025-01-09,dose25,Rep1,3,1.828069365163685e-292
9276,4919,2025-01-10,dose25,Rep1,4,5.243622062437105e-66
9276,4919,2025-01-11,dose25,Rep1,5,1.1425064599348448e-21
9276,4919,2025-01-12,dose25,Rep1,6,3.647829660099706e-101
9276,4919,2025-01-13,dose25,Rep1,7,5.531358251176507e-255
9276,4919,2025-01-14,dose25,Rep1,8,0.7891345163254522
9276,4919,2025-01-15,dose25,Rep1,9,4.3155574427547046e-92
9276,4919,2025-01-16,dose25,Rep1,10,2.918222465515331e-64
9276,4919,2025-01-17,dose25,Rep1,11,0.0
9276,4919,2025-01-18,dose25,Rep1,12,0.9006291808209915
9276,4919,2025-01-19,dose25,Rep1,13,0.9327198150558653
9276,4919,2025-01-20,dose25,Rep1,14,1.5972593586316824e-08
9276,4919,2025-01-21,dose25,Rep1,15,4.843984614915896e-26
9276,4919,2025-01-22,dose25,Rep1,16,0.9050871032123865
9277,4919,2025-01-08,dose25,Rep1,2,1.0
9277,4919,2025-01-09,dose25,Rep1,3,1.0
9277,4919,2025-01-10,dose25,Rep1,4,1.0
9277,4919,2025-01-11,dose25,Rep1,5,1.0
9277,4919,2025-01-12,dose25,Rep1,6,1.0
9277,4919,2025-01-13,dose25,Rep1,7,0.00011974122679827786
9277,4919,2025-01-14,dose25,Rep1,8,0.00011974122679827786
9277,4919,2025-01-15,dose25,Rep1,9,1.0
9277,4919,2025-01-16,dose25,Rep1,10,1.0
9277,4919,2025-01-17,dose25,Rep1,11,0.00011974122679827786
9277,4919,2025-01-18,dose25,Rep1,12,1.0
9277,4919,2025-01-19,dose25,Rep1,13,1.0
9277,4919,2025-01-20,dose25,Rep1,14,1.0
9277,4919,2025-01-21,dose25,Rep1,15,0.00011974122679827786
9277,4919,2025-01-22,dose25,Rep1,16,1.0
9278,4920,2025-01-08,dose25,Rep1,2,0.9021287658610342
9278,4920,2025-01-09,dose25,Rep1,3,0.0009692280504870134
9278,4920,2025-01-10,dose25,Rep1,4,0.7895991929575661
9278,4920,2025-01-11,dose25,Rep1,5,0.9083776657434209
9278,4920,2025-01-12,dose25,Rep1,6,0.6231189457693986
9278,4920,2025-01-13,dose25,Rep1,7,0.03198093934175281
9278,4920,2025-01-14,dose25,Rep1,8,0.14308273631850926
9278,4920,2025-01-15,dose25,Rep1,9,0.9377609037159798
9278,4920,2025-01-16,dose25,Rep1,10,0.8652338464820305
9278,4920,2025-01-17,dose25,Rep1,11,0.21058828616420844
9278,4920,2025-01-18,dose25,Rep1,12,0.9381125789365844
9278,4920,2025-01-19,dose25,Rep1,13,0.937649844878925
9278,4920,2025-01-20,dose25,Rep1,14,0.934976280017866
9278,4920,2025-01-21,dose25,Rep1,15,0.7823520407446042
9278,4920,2025-01-22,dose25,Rep1,16,9.595498628595804e-09
9279,4920,2025-01-08,dose25,Rep1,2,0.00525535892371972
9279,4920,2025-01-09,dose25,Rep1,3,1.0
9279,4920,2025-01-10,dose25,Rep1,4,0.00387944682251659
9279,4920,2025-01-11,dose25,Rep1,5,1.0
9279,4920,2025-01-12,dose25,Rep1,6,1.0
9279,4920,2025-01-13,dose25,Rep1,7,1.0
9279,4920,2025-01-14,dose25,Rep1,8,1.0
9279,4920,2025-01-15,dose25,Rep1,9,1.0
9279,4920,2025-01-16,dose25,Rep1,10,1.0
9279,4920,2025-01-17,dose25,Rep1,11,1.0
9279,4920,2025-01-18,dose25,Rep1,12,1.0
9279,4920,2025-01-19,dose25,Rep1,13,1.0
9279,4920,2025-01-20,dose25,Rep1,14,1.0
9279,4920,2025-01-21,dose25,Rep1,15,1.0
9279,4920,2025-01-22,dose25,Rep1,16,1.0
9280,4920,2025-01-08,dose25,Rep1,2,1.069766537274602e-12
9280,4920,2025-01-09,dose25,Rep1,3,4.385928658447061e-06
9280,4920,2025-01-10,dose25,Rep1,4,1.1644561989924318e-11
9280,4920,2025-01-11,dose25,Rep1,5,0.8529632110198303
9280,4920,2025-01-12,dose25,Rep1,6,6.21423168892005e-07
9280,4920,2025-01-13,dose25,Rep1,7,0.991244510349806
9280,4920,2025-01-14,dose25,Rep1,8,0.0001764399477187206
9280,4920,2025-01-15,dose25,Rep1,9,0.8094083620788806
9280,4920,2025-01-16,dose25,Rep1,10,0.000164841765614641
9280,4920,2025-01-17,dose25,Rep1,11,0.0034481398885890598
9280,4920,2025-01-18,dose25,Rep1,12,0.998552958287557
9280,4920,2025-01-19,dose25,Rep1,13,0.9992734536143456
9280,4920,2025-01-20,dose25,Rep1,14,0.9935092692939559
9280,4920,2025-01-21,dose25,Rep1,15,0.9986846656892515
9280,4920,2025-01-22,dose25,Rep1,16,0.0009079805242847494
9281,4924,2025-01-08,dose25,Rep1,2,0.9999999010590506
9281,4924,2025-01-09,dose25,Rep1,3,0.9999510897761924
9281,4924,2025-01-10,dose25,Rep1,4,0.9999999989191546
9281,4924,2025-01-11,dose25,Rep1,5,0.997979436993938
9281,4924,2025-01-12,dose25,Rep1,6,0.9999999999999993
9281,4924,2025-01-13,dose25,Rep1,7,0.004450266811308529
9281,4924,2025-01-14,dose25,Rep1,8,0.9999999999978326
9281,4924,2025-01-15,dose25,Rep1,9,1.0
9281,4924,2025-01-16,dose25,Rep1,10,0.999999999317088
9281,4924,2025-01-17,dose25,Rep1,11,0.999999789926049
9281,4924,2025-01-18,dose25,Rep1,12,1.0
9281,4924,2025-01-19,dose25,Rep1,13,1.0
9281,4924,2025-01-20,dose25,Rep1,14,0.9999694581706404
9281,4924,2025-01-21,dose25,Rep1,15,0.11134854877345599
9281,4924,2025-01-22,dose25,Rep1,16,0.9999999999999998
9282,4924,2025-01-08,dose25,Rep1,2,0.0
9282,4924,2025-01-09,dose25,Rep1,3,0.0
9282,4924,2025-01-10,dose25,Rep1,4,0.9996875304572479
9282,4924,2025-01-11,dose25,Rep1,5,0.0
9282,4924,2025-01-12,dose25,Rep1,6,0.0
9282,4924,2025-01-13,dose25,Rep1,7,0.0
9282,4924,2025-01-14,dose25,Rep1,8,0.0
9282,4924,2025-01-15,dose25,Rep1,9,0.9996875304572479
9282,4924,2025-01-16,dose25,Rep1,10,0.0
9282,4924,2025-01-17,dose25,Rep1,11,0.0
9282,4924,2025-01-18,dose25,Rep1,12,0.9996875304572479
9282,4924,2025-01-19,dose25,Rep1,13,0.9996875304572479
9282,4924,2025-01-20,dose25,Rep1,14,0.0
9282,4924,2025-01-21,dose25,Rep1,15,0.9996875304572479
9282,4924,2025-01-22,dose25,Rep1,16,0.9996875304572479
9283,4924,2025-01-08,dose25,Rep1,2,3.299659362519955e-05
9283,4924,2025-01-09,dose25,Rep1,3,1.0
9283,4924,2025-01-10,dose25,Rep1,4,1.0
9283,4924,2025-01-11,dose25,Rep1,5,1.0
9283,4924,2025-01-12,dose25,Rep1,6,1.0
9283,4924,2025-01-13,dose25,Rep1,7,1.0
9283,4924,2025-01-14,dose25,Rep1,8,1.0
9283,4924,2025-01-15,dose25,Rep1,9,1.0
9283,4924,2025-01-16,dose25,Rep1,10,1.0
9283,4924,2025-01-17,dose25,Rep1,11,3.299659362519955e-05
9283,4924,2025-01-18,dose25,Rep1,12,1.0
9283,4924,2025-01-19,dose25,Rep1,13,1.0
9283,4924,2025-01-20,dose25,Rep1,14,1.0
9283,4924,2025-01-21,dose25,Rep1,15,3.299659362519955e-05
9283,4924,2025-01-22,dose25,Rep1,16,1.0
9284,4926,2025-01-23,dose25,Rep2,2,0.1347360067908567
9284,4926,2025-01-24,dose25,Rep2,3,0.0008487629047430389
9284,4926,2025-01-25,dose25,Rep2,4,0.9537976934033559
9284,4926,2025-01-26,dose25,Rep2,5,3.836479887415343e-07
9284,4926,2025-01-27,dose25,Rep2,6,0.0032907653334133115
9284,4926,2025-01-28,dose25,Rep2,7,6.793916649950183e-18
9284,4926,2025-01-29,dose25,Rep2,8,0.9680060527986983
9284,4926,2025-01-30,dose25,Rep2,9,0.9792735002847921
9284,4926,2025-01-31,dose25,Rep2,10,3.0232033156782265e-09
9284,4926,2025-02-01,dose25,Rep2,11,0.9159368005582497
9284,4926,2025-02-02,dose25,Rep2,12,0.8806536670981939
9284,4926,2025-02-03,dose25,Rep2,13,5.807135131785976e-08
9284,4926,2025-02-04,dose25,Rep2,14,0.9672692398112855
9285,4926,2025-01-23,dose25,Rep2,2,0.11006198614734897
9285,4926,2025-01-24,dose25,Rep2,3,0.9994653072721605
9285,4926,2025-01-25,dose25,Rep2,4,0.9999999999994791
9285,4926,2025-01-26,dose25,Rep2,5,0.9999999973066942
9285,4926,2025-01-27,dose25,Rep2,6,1.0
9285,4926,2025-01-28,dose25,Rep2,7,0.24517185011904738
9285,4926,2025-01-29,dose25,Rep2,8,0.9999999988541952
9285,4926,2025-01-30,dose25,Rep2,9,1.0
9285,4926,2025-01-31,dose25,Rep2,10,0.07199143569127826
9285,4926,2025-02-01,dose25,Rep2,11,1.0
9285,4926,2025-02-02,dose25,Rep2,12,0.9999999992015067
9285,4926,2025-02-03,dose25,Rep2,13,0.999141689051663
9285,4926,2025-02-04,dose25,Rep2,14,1.0
9286,4926,2025-01-23,dose25,Rep2,2,1.1366837258252219e-08
9286,4926,2025-01-24,dose25,Rep2,3,0.8679465352626292
9286,4926,2025-01-25,dose25,Rep2,4,0.28283143097163577
9286,4926,2025-01-26,dose25,Rep2,5,0.9037619719389991
9286,4926,2025-01-27,dose25,Rep2,6,0.9429484495764162
9286,4926,2025-01-28,dose25,Rep2,7,0.006729993654970498
9286,4926,2025-01-29,dose25,Rep2,8,0.922306030392667
9286,4926,2025-01-30,dose25,Rep2,9,0.9432232804993226
9286,4926,2025-01-31,dose25,Rep2,10,0.16018515940946293
9286,4926,2025-02-01,dose25,Rep2,11,0.9319208271765784
9286,4926,2025-02-02,dose25,Rep2,12,0.8329252908422157
9286,4926,2025-02-03,dose25,Rep2,13,0.8381098615369119
9286,4926,2025-02-04,dose25,Rep2,14,0.94665080808174
9287,4930,2025-01-23,dose25,Rep2,2,0.22428864098946877
9287,4930,2025-01-24,dose25,Rep2,3,0.0025646556718584594
9287,4930,2025-01-25,dose25,Rep2,4,0.1409674400219172
9287,4930,2025-01-26,dose25,Rep2,5,0.9032732466753954
9287,4930,2025-01-27,dose25,Rep2,6,0.0003337065708565423
9287,4930,2025-01-28,dose25,Rep2,7,0.003098957339058039
9287,4930,2025-01-29,dose25,Rep2,8,0.8613400505409436
9287,4930,2025-01-30,dose25,Rep2,9,0.8139958212412729
9287,4930,2025-01-31,dose25,Rep2,10,7.68972582207502e-10
9287,4930,2025-02-01,dose25,Rep2,11,0.9550215167531199
9287,4930,2025-02-02,dose25,Rep2,12,0.9241327848611
9287,4930,2025-02-03,dose25,Rep2,13,0.9492260956769013
9287,4930,2025-02-04,dose25,Rep2,14,0.8487632682410622
9288,4930,2025-01-23,dose25,Rep2,2,1.0
9288,4930,2025-01-24,dose25,Rep2,3,1.0
9288,4930,2025-01-25,dose25,Rep2,4,1.0
9288,4930,2025-01-26,dose25,Rep2,5,1.0
9288,4930,2025-01-27,dose25,Rep2,6,5.39135493007036e-07
9288,4930,2025-01-28,dose25,Rep2,7,5.39135493007036e-07
9288,4930,2025-01-29,dose25,Rep2,8,1.0
9288,4930,2025-01-30,dose25,Rep2,9,1.0
9288,4930,2025-01-31,dose25,Rep2,10,1.0
9288,4930,2025-02-01,dose25,Rep2,11,1.0
9288,4930,2025-02-02,dose25,Rep2,12,1.0
9288,4930,2025-02-03,dose25,Rep2,13,1.0
9288,4930,2025-02-04,dose25,Rep2,14,1.0
9289,4930,2025-01-23,dose25,Rep2,2,3.882894479917959e-06
9289,4930,2025-01-24,dose25,Rep2,3,1.9248107775910557e-10
9289,4930,2025-01-25,dose25,Rep2,4,6.157558199725791e-23
9289,4930,2025-01-26,dose25,Rep2,5,2.7194616557570125e-47
9289,4930,2025-01-27,dose25,Rep2,6,2.884693253055035e-07
9289,4930,2025-01-28,dose25,Rep2,7,2.7194616557570125e-47
9289,4930,2025-01-29,dose25,Rep2,8,0.7536936276590986
9289,4930,2025-01-30,dose25,Rep2,9,0.9760457521271068
9289,4930,2025-01-31,dose25,Rep2,10,0.9396883040653923
9289,4930,2025-02-01,dose25,Rep2,11,0.9749886048650457
9289,4930,2025-02-02,dose25,Rep2,12,0.9749886048650457
9289,4930,2025-02-03,dose25,Rep2,13,0.9749886048650457
9289,4930,2025-02-04,dose25,Rep2,14,0.9593417520017129
9290,4933,2025-01-23,dose25,Rep2,2,1.3416903713472804e-05
9290,4933,2025-01-24,dose25,Rep2,3,1.0
9290,4933,2025-01-25,dose25,Rep2,4,0.9999872648943283
9290,4933,2025-01-26,dose25,Rep2,5,1.0
9290,4933,2025-01-27,dose25,Rep2,6,0.9999999999999998
9290,4933,2025-01-28,dose25,Rep2,7,0.0008880384751621205
9290,4933,2025-01-29,dose25,Rep2,8,1.0
9290,4933,2025-01-30,dose25,Rep2,9,1.0
9290,4933,2025-01-31,dose25,Rep2,10,1.0
9290,4933,2025-02-01,dose25,Rep2,11,1.0
9290,4933,2025-02-02,dose25,Rep2,12,0.9999999999984082
9290,4933,2025-02-03,dose25,Rep2,13,1.0
9290,4933,2025-02-04,dose25,Rep2,14,1.0
9291,4933,2025-01-23,dose25,Rep2,2,1.0
9291,4933,2025-01-24,dose25,Rep2,3,1.0
9291,4933,2025-01-25,dose25,Rep2,4,1.0
9291,4933,2025-01-26,dose25,Rep2,5,1.0
9291,4933,2025-01-27,dose25,Rep2,6,1.0
9291,4933,2025-01-28,dose25,Rep2,7,2.988864575904959e-05
9291,4933,2025-01-29,dose25,Rep2,8,1.0
9291,4933,2025-01-30,dose25,Rep2,9,0.00031782927278068763
9291,4933,2025-01-31,dose25,Rep2,10,1.0
9291,4933,2025-02-01,dose25,Rep2,11,1.0
9291,4933,2025-02-02,dose25,Rep2,12,1.0
9291,4933,2025-02-03,dose25,Rep2,13,1.0
9291,4933,2025-02-04,dose25,Rep2,14,1.0
9292,4933,2025-01-23,dose25,Rep2,2,1.8945533647061702e-10
9292,4933,2025-01-24,dose25,Rep2,3,0.5494034975651713
9292,4933,2025-01-25,dose25,Rep2,4,7.43637476781423e-05
9292,4933,2025-01-26,dose25,Rep2,5,1.1795577616335687e-12
9292,4933,2025-01-27,dose25,Rep2,6,0.002062267540082302
9292,4933,2025-01-28,dose25,Rep2,7,1.1509322744861225e-05
9292,4933,2025-01-29,dose25,Rep2,8,0.6249527349647752
9292,4933,2025-01-30,dose25,Rep2,9,0.8351761938465331
9292,4933,2025-01-31,dose25,Rep2,10,3.9636492473844426e-32
9292,4933,2025-02-01,dose25,Rep2,11,0.846662057771348
9292,4933,2025-02-02,dose25,Rep2,12,3.775683262568664e-15
9292,4933,2025-02-03,dose25,Rep2,13,5.4637232128822544e-05
9292,4933,2025-02-04,dose25,Rep2,14,9.746848993936086e-05
9239,4917,2025-01-08,dose5,Rep1,2,0.3000352336039
9239,4917,2025-01-09,dose5,Rep1,3,0.07903728133128798
9239,4917,2025-01-10,dose5,Rep1,4,0.9999999204284936
9239,4917,2025-01-11,dose5,Rep1,5,0.9947067299737107
9239,4917,2025-01-12,dose5,Rep1,6,0.9999999999936862
9239,4917,2025-01-13,dose5,Rep1,7,0.015564911297588522
9239,4917,2025-01-14,dose5,Rep1,8,0.9999999702432485
9239,4917,2025-01-15,dose5,Rep1,9,0.9999999999999634
9239,4917,2025-01-16,dose5,Rep1,10,0.9999999999999996
9239,4917,2025-01-17,dose5,Rep1,11,0.017520468796013343
9239,4917,2025-01-18,dose5,Rep1,12,0.9970283826914238
9239,4917,2025-01-19,dose5,Rep1,13,1.0
9239,4917,2025-01-20,dose5,Rep1,14,0.9999999999996401
9239,4917,2025-01-21,dose5,Rep1,15,0.9998585389827046
9239,4917,2025-01-22,dose5,Rep1,16,1.0
9240,4917,2025-01-08,dose5,Rep1,2,0.01010928873770916
9240,4917,2025-01-09,dose5,Rep1,3,0.0020137357975545567
9240,4917,2025-01-10,dose5,Rep1,4,1.0
9240,4917,2025-01-11,dose5,Rep1,5,1.0
9240,4917,2025-01-12,dose5,Rep1,6,1.0
9240,4917,2025-01-13,dose5,Rep1,7,1.0
9240,4917,2025-01-14,dose5,Rep1,8,1.0
9240,4917,2025-01-15,dose5,Rep1,9,1.0
9240,4917,2025-01-16,dose5,Rep1,10,1.0
9240,4917,2025-01-17,dose5,Rep1,11,1.0
9240,4917,2025-01-18,dose5,Rep1,12,1.0
9240,4917,2025-01-19,dose5,Rep1,13,1.0
9240,4917,2025-01-20,dose5,Rep1,14,1.0
9240,4917,2025-01-21,dose5,Rep1,15,1.0
9240,4917,2025-01-22,dose5,Rep1,16,1.0
9241,4917,2025-01-08,dose5,Rep1,2,1.1677374594733384e-06
9241,4917,2025-01-09,dose5,Rep1,3,7.4759380624004315e-06
9241,4917,2025-01-10,dose5,Rep1,4,0.8561207756954382
9241,4917,2025-01-11,dose5,Rep1,5,0.9319405723646004
9241,4917,2025-01-12,dose5,Rep1,6,0.9855266490465157
9241,4917,2025-01-13,dose5,Rep1,7,0.22857075289291318
9241,4917,2025-01-14,dose5,Rep1,8,0.9804469199199501
9241,4917,2025-01-15,dose5,Rep1,9,0.9945578005196241
9241,4917,2025-01-16,dose5,Rep1,10,0.997155483718156
9241,4917,2025-01-17,dose5,Rep1,11,0.9740160964590046
9241,4917,2025-01-18,dose5,Rep1,12,0.9918445974895457
9241,4917,2025-01-19,dose5,Rep1,13,0.9969800691130715
9241,4917,2025-01-20,dose5,Rep1,14,0.9977241245248553
9241,4917,2025-01-21,dose5,Rep1,15,0.9535100039054714
9241,4917,2025-01-22,dose5,Rep1,16,0.08432100930662313
9242,4921,2025-01-08,dose5,Rep1,2,0.009831054057043882
9242,4921,2025-01-09,dose5,Rep1,3,0.18185501520380992
9242,4921,2025-01-10,dose5,Rep1,4,0.017276351807911296
9242,4921,2025-01-11,dose5,Rep1,5,0.16362207897560432
9242,4921,2025-01-12,dose5,Rep1,6,0.8085070196136066
9242,4921,2025-01-13,dose5,Rep1,7,0.10039466606062446
9242,4921,2025-01-14,dose5,Rep1,8,0.17547916490838353
9242,4921,2025-01-15,dose5,Rep1,9,0.4704446502078597
9242,4921,2025-01-16,dose5,Rep1,10,0.025660519169084597
9242,4921,2025-01-17,dose5,Rep1,11,0.028220914129704466
9242,4921,2025-01-18,dose5,Rep1,12,0.9423891398756893
9242,4921,2025-01-19,dose5,Rep1,13,0.9533131029907213
9242,4921,2025-01-20,dose5,Rep1,14,0.060378610177814734
9242,4921,2025-01-21,dose5,Rep1,15,0.04392986166429632
9242,4921,2025-01-22,dose5,Rep1,16,0.9999441170495909
9243,4921,2025-01-08,dose5,Rep1,2,1.0
9243,4921,2025-01-09,dose5,Rep1,3,1.0
9243,4921,2025-01-10,dose5,Rep1,4,1.0
9243,4921,2025-01-11,dose5,Rep1,5,1.0
9243,4921,2025-01-12,dose5,Rep1,6,1.0
9243,4921,2025-01-13,dose5,Rep1,7,0.0019430366304515334
9243,4921,2025-01-14,dose5,Rep1,8,0.008019295429324917
9243,4921,2025-01-15,dose5,Rep1,9,0.0019430366304515334
9243,4921,2025-01-16,dose5,Rep1,10,1.0
9243,4921,2025-01-17,dose5,Rep1,11,0.008843814649233783
9243,4921,2025-01-18,dose5,Rep1,12,1.0
9243,4921,2025-01-19,dose5,Rep1,13,1.0
9243,4921,2025-01-20,dose5,Rep1,14,0.0019430366304515334
9243,4921,2025-01-21,dose5,Rep1,15,1.0
9243,4921,2025-01-22,dose5,Rep1,16,1.0
9244,4921,2025-01-08,dose5,Rep1,2,1.0
9244,4921,2025-01-09,dose5,Rep1,3,0.999996383124301
9244,4921,2025-01-10,dose5,Rep1,4,1.0
9244,4921,2025-01-11,dose5,Rep1,5,1.0
9244,4921,2025-01-12,dose5,Rep1,6,1.0
9244,4921,2025-01-13,dose5,Rep1,7,0.011302626244897312
9244,4921,2025-01-14,dose5,Rep1,8,0.9999999999999996
9244,4921,2025-01-15,dose5,Rep1,9,0.9999978487898621
9244,4921,2025-01-16,dose5,Rep1,10,1.0
9244,4921,2025-01-17,dose5,Rep1,11,0.00048525387957322485
9244,4921,2025-01-18,dose5,Rep1,12,1.0
9244,4921,2025-01-19,dose5,Rep1,13,1.0
9244,4921,2025-01-20,dose5,Rep1,14,1.0
9244,4921,2025-01-21,dose5,Rep1,15,0.9999999999999998
9244,4921,2025-01-22,dose5,Rep1,16,1.0
9245,4925,2025-01-10,dose5,Rep1,4,1.0
9245,4925,2025-01-11,dose5,Rep1,5,4.614223800442221e-06
9245,4925,2025-01-12,dose5,Rep1,6,1.0
9245,4925,2025-01-13,dose5,Rep1,7,1.0
9245,4925,2025-01-14,dose5,Rep1,8,1.0
9245,4925,2025-01-15,dose5,Rep1,9,1.0
9245,4925,2025-01-16,dose5,Rep1,10,1.0
9245,4925,2025-01-17,dose5,Rep1,11,2.0855427631255216e-07
9245,4925,2025-01-18,dose5,Rep1,12,1.0
9245,4925,2025-01-19,dose5,Rep1,13,1.0
9245,4925,2025-01-20,dose5,Rep1,14,1.0
9245,4925,2025-01-21,dose5,Rep1,15,2.0855427631255216e-07
9245,4925,2025-01-22,dose5,Rep1,16,1.0
9246,4925,2025-01-10,dose5,Rep1,4,5.7491131418832934e-06
9246,4925,2025-01-11,dose5,Rep1,5,3.7518365401379804e-05
9246,4925,2025-01-12,dose5,Rep1,6,0.9985485017873672
9246,4925,2025-01-13,dose5,Rep1,7,0.9999559394907108
9246,4925,2025-01-14,dose5,Rep1,8,1.9703111639845654e-16
9246,4925,2025-01-15,dose5,Rep1,9,0.999789365033726
9246,4925,2025-01-16,dose5,Rep1,10,0.9999864645148638
9246,4925,2025-01-17,dose5,Rep1,11,2.6573700311118433e-12
9246,4925,2025-01-18,dose5,Rep1,12,0.9999998950692428
9246,4925,2025-01-19,dose5,Rep1,13,0.9999949721370731
9246,4925,2025-01-20,dose5,Rep1,14,1.162986106450353e-14
9246,4925,2025-01-21,dose5,Rep1,15,1.3192296200797383e-15
9246,4925,2025-01-22,dose5,Rep1,16,0.9999990350993649
9247,4925,2025-01-10,dose5,Rep1,4,1.0
9247,4925,2025-01-11,dose5,Rep1,5,1.0
9247,4925,2025-01-12,dose5,Rep1,6,1.0
9247,4925,2025-01-13,dose5,Rep1,7,1.0
9247,4925,2025-01-14,dose5,Rep1,8,0.0010672581581137024
9247,4925,2025-01-15,dose5,Rep1,9,0.0010672581581137024
9247,4925,2025-01-16,dose5,Rep1,10,0.015178931480535346
9247,4925,2025-01-17,dose5,Rep1,11,0.0010672581581137024
9247,4925,2025-01-18,dose5,Rep1,12,1.0
9247,4925,2025-01-19,dose5,Rep1,13,1.0
9247,4925,2025-01-20,dose5,Rep1,14,0.0010672581581137024
9247,4925,2025-01-21,dose5,Rep1,15,0.0010672581581137024
9247,4925,2025-01-22,dose5,Rep1,16,1.0
9248,4927,2025-01-23,dose5,Rep2,2,0.0
9248,4927,2025-01-24,dose5,Rep2,3,0.0
9248,4927,2025-01-25,dose5,Rep2,4,0.0
9248,4927,2025-01-26,dose5,Rep2,5,0.9999327352453456
9248,4927,2025-01-27,dose5,Rep2,6,0.0
9248,4927,2025-01-28,dose5,Rep2,7,0.0
9248,4927,2025-01-29,dose5,Rep2,8,0.9999327352453456
9248,4927,2025-01-30,dose5,Rep2,9,0.9999327352453456
9248,4927,2025-01-31,dose5,Rep2,10,0.9999327352453456
9248,4927,2025-02-01,dose5,Rep2,11,0.9999327352453456
9248,4927,2025-02-02,dose5,Rep2,12,0.9999327352453456
9248,4927,2025-02-03,dose5,Rep2,13,0.9999327352453456
9248,4927,2025-02-04,dose5,Rep2,14,0.9999327352453456
9249,4927,2025-01-23,dose5,Rep2,2,1.6785686116944217e-25
9249,4927,2025-01-24,dose5,Rep2,3,9.490643097708599e-26
9249,4927,2025-01-25,dose5,Rep2,4,5.656757860236521e-10
9249,4927,2025-01-26,dose5,Rep2,5,3.5574203864707234e-13
9249,4927,2025-01-27,dose5,Rep2,6,7.284006958663064e-17
9249,4927,2025-01-28,dose5,Rep2,7,1.5434686826328461e-77
9249,4927,2025-01-29,dose5,Rep2,8,2.628604671062894e-07
9249,4927,2025-01-30,dose5,Rep2,9,0.9193525532317609
9249,4927,2025-01-31,dose5,Rep2,10,0.8815318351146649
9249,4927,2025-02-01,dose5,Rep2,11,0.6369981769817932
9249,4927,2025-02-02,dose5,Rep2,12,0.8683969397855312
9249,4927,2025-02-03,dose5,Rep2,13,7.600913136655157e-05
9249,4927,2025-02-04,dose5,Rep2,14,0.925248143335467
9256,4927,2025-01-23,dose5,Rep2,2,0.0013930591549098199
9256,4927,2025-01-24,dose5,Rep2,3,6.213959445416716e-06
9256,4927,2025-01-25,dose5,Rep2,4,0.9976095738516594
9256,4927,2025-01-26,dose5,Rep2,5,0.9999412128987264
9256,4927,2025-01-27,dose5,Rep2,6,0.968754130433783
9256,4927,2025-01-28,dose5,Rep2,7,5.104567771120815e-11
9256,4927,2025-01-29,dose5,Rep2,8,0.9977467879600647
9256,4927,2025-01-30,dose5,Rep2,9,0.9999983031867264
9256,4927,2025-01-31,dose5,Rep2,10,0.9999830218955469
9256,4927,2025-02-01,dose5,Rep2,11,0.9999949410596777
9256,4927,2025-02-02,dose5,Rep2,12,0.9999742259751558
9256,4927,2025-02-03,dose5,Rep2,13,0.9999908767744242
9256,4927,2025-02-04,dose5,Rep2,14,0.9999985214993835
9250,4931,2025-01-23,dose5,Rep2,2,0.11177035148606294
9250,4931,2025-01-24,dose5,Rep2,3,0.9998598661744843
9250,4931,2025-01-25,dose5,Rep2,4,0.7936475539323516
9250,4931,2025-01-26,dose5,Rep2,5,0.06309097599638244
9250,4931,2025-01-27,dose5,Rep2,6,0.0040717338149758526
9250,4931,2025-01-28,dose5,Rep2,7,6.14081921043621e-05
9250,4931,2025-01-29,dose5,Rep2,8,0.109529962741744
9250,4931,2025-01-30,dose5,Rep2,9,0.8242670808735967
9250,4931,2025-01-31,dose5,Rep2,10,0.9521823617588651
9250,4931,2025-02-01,dose5,Rep2,11,0.995103617662604
9250,4931,2025-02-02,dose5,Rep2,12,0.0024067605541414233
9250,4931,2025-02-03,dose5,Rep2,13,0.9951533386643814
9250,4931,2025-02-04,dose5,Rep2,14,0.9902228992157666
9251,4931,2025-01-23,dose5,Rep2,2,1.1725532055757088e-12
9251,4931,2025-01-24,dose5,Rep2,3,4.306316325024947e-27
9251,4931,2025-01-25,dose5,Rep2,4,5.107075791834782e-14
9251,4931,2025-01-26,dose5,Rep2,5,3.905163641553761e-07
9251,4931,2025-01-27,dose5,Rep2,6,0.0004316106264693633
9251,4931,2025-01-28,dose5,Rep2,7,4.668029018889116e-40
9251,4931,2025-01-29,dose5,Rep2,8,1.0340790847880745e-06
9251,4931,2025-01-30,dose5,Rep2,9,0.9605369717183553
9251,4931,2025-01-31,dose5,Rep2,10,0.9612206164571292
9251,4931,2025-02-01,dose5,Rep2,11,0.8800920662615362
9251,4931,2025-02-02,dose5,Rep2,12,0.9753507928532085
9251,4931,2025-02-03,dose5,Rep2,13,0.9543740249495588
9251,4931,2025-02-04,dose5,Rep2,14,0.9532100323311824
9252,4931,2025-01-23,dose5,Rep2,2,0.9843831937143367
9252,4931,2025-01-24,dose5,Rep2,3,0.9883393345358743
9252,4931,2025-01-25,dose5,Rep2,4,0.004555038126675721
9252,4931,2025-01-26,dose5,Rep2,5,0.22492702307878565
9252,4931,2025-01-27,dose5,Rep2,6,0.27418101373389814
9252,4931,2025-01-28,dose5,Rep2,7,0.00016780812012829723
9252,4931,2025-01-29,dose5,Rep2,8,0.9819265660489637
9252,4931,2025-01-30,dose5,Rep2,9,0.8201858608646523
9252,4931,2025-01-31,dose5,Rep2,10,0.9620638840676924
9252,4931,2025-02-01,dose5,Rep2,11,0.9977317559720957
9252,4931,2025-02-02,dose5,Rep2,12,0.9945992888712915
9252,4931,2025-02-03,dose5,Rep2,13,0.9998637785194443
9252,4931,2025-02-04,dose5,Rep2,14,0.9892739419196837
9253,4932,2025-01-23,dose5,Rep2,2,2.1146029410276252e-45
9253,4932,2025-01-24,dose5,Rep2,3,2.967989880683769e-19
9253,4932,2025-01-25,dose5,Rep2,4,0.0
9253,4932,2025-01-26,dose5,Rep2,5,4.018908371951873e-234
9253,4932,2025-01-27,dose5,Rep2,6,0.959637282140954
9253,4932,2025-01-28,dose5,Rep2,7,1.28027836483351e-82
9253,4932,2025-01-29,dose5,Rep2,8,0.9313492715112466
9253,4932,2025-01-30,dose5,Rep2,9,2.5009825734406176e-93
9253,4932,2025-01-31,dose5,Rep2,10,3.9220582078885784e-92
9253,4932,2025-02-01,dose5,Rep2,11,1.8851878756331204e-71
9253,4932,2025-02-02,dose5,Rep2,12,1.2965218111218266e-51
9253,4932,2025-02-03,dose5,Rep2,13,2.1861095881849276e-96
9253,4932,2025-02-04,dose5,Rep2,14,1.615964381366959e-200
9254,4932,2025-01-23,dose5,Rep2,2,1.0
9254,4932,2025-01-24,dose5,Rep2,3,0.0008856929923770805
9254,4932,2025-01-25,dose5,Rep2,4,1.0
9254,4932,2025-01-26,dose5,Rep2,5,1.0
9254,4932,2025-01-27,dose5,Rep2,6,1.0
9254,4932,2025-01-28,dose5,Rep2,7,0.0009015537835969087
9254,4932,2025-01-29,dose5,Rep2,8,0.0015933608520685052
9254,4932,2025-01-30,dose5,Rep2,9,1.0
9254,4932,2025-01-31,dose5,Rep2,10,0.0009015537835969087
9254,4932,2025-02-01,dose5,Rep2,11,1.0
9254,4932,2025-02-02,dose5,Rep2,12,0.0009015537835969087
9254,4932,2025-02-03,dose5,Rep2,13,0.020485009188240248
9254,4932,2025-02-04,dose5,Rep2,14,0.0009015537835969087
9255,4932,2025-01-23,dose5,Rep2,2,1.970269519023603e-05
9255,4932,2025-01-24,dose5,Rep2,3,1.933427612330776e-08
9255,4932,2025-01-25,dose5,Rep2,4,1.1942284986061794e-09
9255,4932,2025-01-26,dose5,Rep2,5,0.0002749948535328454
9255,4932,2025-01-27,dose5,Rep2,6,0.01586277608175706
9255,4932,2025-01-28,dose5,Rep2,7,3.117746872409748e-27
9255,4932,2025-01-29,dose5,Rep2,8,0.686820163569488
9255,4932,2025-01-30,dose5,Rep2,9,0.6407154401926849
9255,4932,2025-01-31,dose5,Rep2,10,0.597896137217992
9255,4932,2025-02-01,dose5,Rep2,11,0.7846592884781816
9255,4932,2025-02-02,dose5,Rep2,12,0.6576395455265265
9255,4932,2025-02-03,dose5,Rep2,13,0.0005401094570023962
9255,4932,2025-02-04,dose5,Rep2,14,0.004975877163916328
9257,4918,2025-01-08,vehicle,Rep1,2,0.0011028850914239908
9257,4918,2025-01-09,vehicle,Rep1,3,0.8071450923633436
9257,4918,2025-01-10,vehicle,Rep1,4,0.004627181915591425
9257,4918,2025-01-11,vehicle,Rep1,5,0.5438635224297794
9257,4918,2025-01-12,vehicle,Rep1,6,2.9234034830875793e-06
9257,4918,2025-01-13,vehicle,Rep1,7,0.7967746747996566
9257,4918,2025-01-14,vehicle,Rep1,8,0.7496920951248045
9257,4918,2025-01-15,vehicle,Rep1,9,0.8979477964144853
9257,4918,2025-01-16,vehicle,Rep1,10,0.07528783758472418
9257,4918,2025-01-17,vehicle,Rep1,11,0.378841231963804
9257,4918,2025-01-18,vehicle,Rep1,12,0.010403785339849049
9257,4918,2025-01-19,vehicle,Rep1,13,0.9009577677005175
9257,4918,2025-01-20,vehicle,Rep1,14,0.8998254203768999
9257,4918,2025-01-21,vehicle,Rep1,15,3.117951852733709e-11
9257,4918,2025-01-22,vehicle,Rep1,16,0.012493997236991286
9258,4918,2025-01-08,vehicle,Rep1,2,3.3858869128450217e-06
9258,4918,2025-01-09,vehicle,Rep1,3,0.01686549058811805
9258,4918,2025-01-10,vehicle,Rep1,4,0.9142342464445491
9258,4918,2025-01-11,vehicle,Rep1,5,0.9709008086662729
9258,4918,2025-01-12,vehicle,Rep1,6,0.011508961133359443
9258,4918,2025-01-13,vehicle,Rep1,7,0.8886878412749544
9258,4918,2025-01-14,vehicle,Rep1,8,0.9986769232686601
9258,4918,2025-01-15,vehicle,Rep1,9,0.005527700850556671
9258,4918,2025-01-16,vehicle,Rep1,10,1.5032634354414006e-06
9258,4918,2025-01-17,vehicle,Rep1,11,0.07919367435495872
9258,4918,2025-01-18,vehicle,Rep1,12,0.9498652755572679
9258,4918,2025-01-19,vehicle,Rep1,13,0.00030981555057911264
9258,4918,2025-01-20,vehicle,Rep1,14,0.999873781175013
9258,4918,2025-01-21,vehicle,Rep1,15,0.01339926352342674
9258,4918,2025-01-22,vehicle,Rep1,16,0.9990184935909657
9259,4918,2025-01-08,vehicle,Rep1,2,0.8662569645583867
9259,4918,2025-01-09,vehicle,Rep1,3,0.9415991039760537
9259,4918,2025-01-10,vehicle,Rep1,4,0.04703671513423376
9259,4918,2025-01-11,vehicle,Rep1,5,0.5477998898300173
9259,4918,2025-01-12,vehicle,Rep1,6,0.00015034650973578533
9259,4918,2025-01-13,vehicle,Rep1,7,0.9735699071990096
9259,4918,2025-01-14,vehicle,Rep1,8,0.9437080426474908
9259,4918,2025-01-15,vehicle,Rep1,9,0.9769668026156849
9259,4918,2025-01-16,vehicle,Rep1,10,0.8816000787372587
9259,4918,2025-01-17,vehicle,Rep1,11,0.7552112383757279
9259,4918,2025-01-18,vehicle,Rep1,12,0.9766731912366483
9259,4918,2025-01-19,vehicle,Rep1,13,0.979227634467604
9259,4918,2025-01-20,vehicle,Rep1,14,0.9315205579692256
9259,4918,2025-01-21,vehicle,Rep1,15,0.5325159716063541
9259,4918,2025-01-22,vehicle,Rep1,16,0.9720424972901965
9260,4922,2025-01-08,vehicle,Rep1,2,0.0
9260,4922,2025-01-09,vehicle,Rep1,3,0.0
9260,4922,2025-01-10,vehicle,Rep1,4,0.0
9260,4922,2025-01-11,vehicle,Rep1,5,0.0
9260,4922,2025-01-12,vehicle,Rep1,6,0.0
9260,4922,2025-01-13,vehicle,Rep1,7,0.0
9260,4922,2025-01-14,vehicle,Rep1,8,0.9370205909420386
9260,4922,2025-01-15,vehicle,Rep1,9,0.9857806067181628
9260,4922,2025-01-16,vehicle,Rep1,10,0.0
9260,4922,2025-01-17,vehicle,Rep1,11,0.0
9260,4922,2025-01-18,vehicle,Rep1,12,3.4184109103456552e-25
9260,4922,2025-01-19,vehicle,Rep1,13,0.9857806067181628
9260,4922,2025-01-20,vehicle,Rep1,14,0.9857806067181628
9260,4922,2025-01-21,vehicle,Rep1,15,0.0
9260,4922,2025-01-22,vehicle,Rep1,16,1.775257283621859e-165
9261,4922,2025-01-08,vehicle,Rep1,2,0.005251332598782817
9261,4922,2025-01-09,vehicle,Rep1,3,0.4602008587227235
9261,4922,2025-01-10,vehicle,Rep1,4,0.22465174501334173
9261,4922,2025-01-11,vehicle,Rep1,5,0.16195269767774234
9261,4922,2025-01-12,vehicle,Rep1,6,0.8046180129498093
9261,4922,2025-01-13,vehicle,Rep1,7,0.04836350050527195
9261,4922,2025-01-14,vehicle,Rep1,8,0.9872786452246284
9261,4922,2025-01-15,vehicle,Rep1,9,0.7947275480388674
9261,4922,2025-01-16,vehicle,Rep1,10,0.9930185262894345
9261,4922,2025-01-17,vehicle,Rep1,11,0.06690576748569259
9261,4922,2025-01-18,vehicle,Rep1,12,0.7074007850144318
9261,4922,2025-01-19,vehicle,Rep1,13,0.9909665777900298
9261,4922,2025-01-20,vehicle,Rep1,14,0.7290919278861029
9261,4922,2025-01-21,vehicle,Rep1,15,0.20281377345718374
9261,4922,2025-01-22,vehicle,Rep1,16,0.11647421005632082
9262,4922,2025-01-08,vehicle,Rep1,2,2.5822572185950057e-05
9262,4922,2025-01-09,vehicle,Rep1,3,0.998134444060237
9262,4922,2025-01-10,vehicle,Rep1,4,0.9999801358781958
9262,4922,2025-01-11,vehicle,Rep1,5,1.0
9262,4922,2025-01-12,vehicle,Rep1,6,0.9998422050289157
9262,4922,2025-01-13,vehicle,Rep1,7,0.9999999997684785
9262,4922,2025-01-14,vehicle,Rep1,8,0.9999999999976175
9262,4922,2025-01-15,vehicle,Rep1,9,0.014613656323270186
9262,4922,2025-01-16,vehicle,Rep1,10,0.9999999999988143
9262,4922,2025-01-17,vehicle,Rep1,11,0.9999999989092765
9262,4922,2025-01-18,vehicle,Rep1,12,0.9999999975786338
9262,4922,2025-01-19,vehicle,Rep1,13,1.0
9262,4922,2025-01-20,vehicle,Rep1,14,0.9999999653998298
9262,4922,2025-01-21,vehicle,Rep1,15,0.0011913876708464935
9262,4922,2025-01-22,vehicle,Rep1,16,0.9999999864863239
9263,4923,2025-01-08,vehicle,Rep1,2,2.8724772900824917e-08
9263,4923,2025-01-09,vehicle,Rep1,3,0.007988852514946602
9263,4923,2025-01-10,vehicle,Rep1,4,0.9840806027006844
9263,4923,2025-01-11,vehicle,Rep1,5,0.7861517617173637
9263,4923,2025-01-12,vehicle,Rep1,6,0.001677917273675628
9263,4923,2025-01-13,vehicle,Rep1,7,1.2928255575727192e-14
9263,4923,2025-01-14,vehicle,Rep1,8,0.9820201893518641
9263,4923,2025-01-15,vehicle,Rep1,9,0.9891944254044267
9263,4923,2025-01-16,vehicle,Rep1,10,0.0007594101720869448
9263,4923,2025-01-17,vehicle,Rep1,11,0.785668465515225
9263,4923,2025-01-18,vehicle,Rep1,12,0.9833429764292507
9263,4923,2025-01-19,vehicle,Rep1,13,0.9890515224127876
9263,4923,2025-01-20,vehicle,Rep1,14,0.9659990489836268
9263,4923,2025-01-21,vehicle,Rep1,15,0.922600949407287
9263,4923,2025-01-22,vehicle,Rep1,16,0.9767524267782898
9264,4923,2025-01-08,vehicle,Rep1,2,0.007713751753509172
9264,4923,2025-01-09,vehicle,Rep1,3,0.9785040242026622
9264,4923,2025-01-10,vehicle,Rep1,4,0.999999892868709
9264,4923,2025-01-11,vehicle,Rep1,5,0.9999997407253908
9264,4923,2025-01-12,vehicle,Rep1,6,0.9999999858537422
9264,4923,2025-01-13,vehicle,Rep1,7,0.999277025162302
9264,4923,2025-01-14,vehicle,Rep1,8,1.0
9264,4923,2025-01-15,vehicle,Rep1,9,0.9999999999960911
9264,4923,2025-01-16,vehicle,Rep1,10,0.9999999912951636
9264,4923,2025-01-17,vehicle,Rep1,11,0.14053692389064068
9264,4923,2025-01-18,vehicle,Rep1,12,0.9998880129504196
9264,4923,2025-01-19,vehicle,Rep1,13,0.9999999959355235
9264,4923,2025-01-20,vehicle,Rep1,14,0.9971344495480545
9264,4923,2025-01-21,vehicle,Rep1,15,0.07128301923030082
9264,4923,2025-01-22,vehicle,Rep1,16,0.9999999999999813
9265,4923,2025-01-08,vehicle,Rep1,2,1.0
9265,4923,2025-01-09,vehicle,Rep1,3,2.2153958453741277e-06
9265,4923,2025-01-10,vehicle,Rep1,4,1.0
9265,4923,2025-01-11,vehicle,Rep1,5,1.0
9265,4923,2025-01-12,vehicle,Rep1,6,1.0
9265,4923,2025-01-13,vehicle,Rep1,7,1.0
9265,4923,2025-01-14,vehicle,Rep1,8,1.0
9265,4923,2025-01-15,vehicle,Rep1,9,1.0
9265,4923,2025-01-16,vehicle,Rep1,10,1.0
9265,4923,2025-01-17,vehicle,Rep1,11,1.0
9265,4923,2025-01-18,vehicle,Rep1,12,1.0
9265,4923,2025-01-19,vehicle,Rep1,13,1.0
9265,4923,2025-01-20,vehicle,Rep1,14,1.0
9265,4923,2025-01-21,vehicle,Rep1,15,1.0
9265,4923,2025-01-22,vehicle,Rep1,16,1.0
9266,4928,2025-01-23,vehicle,Rep2,2,1.0
9266,4928,2025-01-24,vehicle,Rep2,3,1.0
9266,4928,2025-01-25,vehicle,Rep2,4,1.0
9266,4928,2025-01-26,vehicle,Rep2,5,1.0
9266,4928,2025-01-27,vehicle,Rep2,6,1.0
9266,4928,2025-01-28,vehicle,Rep2,7,1.0
9266,4928,2025-01-29,vehicle,Rep2,8,1.0
9266,4928,2025-01-30,vehicle,Rep2,9,1.0
9266,4928,2025-01-31,vehicle,Rep2,10,1.0
9266,4928,2025-02-01,vehicle,Rep2,11,1.0
9266,4928,2025-02-02,vehicle,Rep2,12,1.0
9266,4928,2025-02-03,vehicle,Rep2,13,3.669696990711812e-05
9266,4928,2025-02-04,vehicle,Rep2,14,1.0
9267,4928,2025-01-23,vehicle,Rep2,2,0.0005754871314869283
9267,4928,2025-01-24,vehicle,Rep2,3,1.0
9267,4928,2025-01-25,vehicle,Rep2,4,1.0
9267,4928,2025-01-26,vehicle,Rep2,5,1.0
9267,4928,2025-01-27,vehicle,Rep2,6,1.0
9267,4928,2025-01-28,vehicle,Rep2,7,1.0
9267,4928,2025-01-29,vehicle,Rep2,8,1.0
9267,4928,2025-01-30,vehicle,Rep2,9,1.0
9267,4928,2025-01-31,vehicle,Rep2,10,1.0
9267,4928,2025-02-01,vehicle,Rep2,11,1.0
9267,4928,2025-02-02,vehicle,Rep2,12,1.0
9267,4928,2025-02-03,vehicle,Rep2,13,1.0
9267,4928,2025-02-04,vehicle,Rep2,14,1.0
9268,4928,2025-01-23,vehicle,Rep2,2,1.8245351124689178e-05
9268,4928,2025-01-24,vehicle,Rep2,3,9.166833183829841e-07
9268,4928,2025-01-25,vehicle,Rep2,4,0.9999999892671284
9268,4928,2025-01-26,vehicle,Rep2,5,0.991413241493948
9268,4928,2025-01-27,vehicle,Rep2,6,0.9999750738307895
9268,4928,2025-01-28,vehicle,Rep2,7,0.010224059807537418
9268,4928,2025-01-29,vehicle,Rep2,8,0.9999999998305222
9268,4928,2025-01-30,vehicle,Rep2,9,0.9999994860402922
9268,4928,2025-01-31,vehicle,Rep2,10,0.9999999986134467
9268,4928,2025-02-01,vehicle,Rep2,11,0.9999999999954943
9268,4928,2025-02-02,vehicle,Rep2,12,0.9999999999686233
9268,4928,2025-02-03,vehicle,Rep2,13,0.9999344822438767
9268,4928,2025-02-04,vehicle,Rep2,14,0.9999999979817524
9269,4929,2025-01-23,vehicle,Rep2,2,1.0
9269,4929,2025-01-24,vehicle,Rep2,3,0.0006857812362065819
9269,4929,2025-01-25,vehicle,Rep2,4,1.0
9269,4929,2025-01-26,vehicle,Rep2,5,1.0
9269,4929,2025-01-27,vehicle,Rep2,6,1.0
9269,4929,2025-01-28,vehicle,Rep2,7,0.002267933569745923
9269,4929,2025-01-29,vehicle,Rep2,8,1.0
9269,4929,2025-01-30,vehicle,Rep2,9,1.0
9269,4929,2025-01-31,vehicle,Rep2,10,1.0
9269,4929,2025-02-01,vehicle,Rep2,11,1.0
9269,4929,2025-02-02,vehicle,Rep2,12,1.0
9269,4929,2025-02-03,vehicle,Rep2,13,1.0
9270,4929,2025-01-23,vehicle,Rep2,2,0.0005920250070272344
9270,4929,2025-01-24,vehicle,Rep2,3,1.9375996943671743e-07
9270,4929,2025-01-25,vehicle,Rep2,4,2.11305684767699e-07
9270,4929,2025-01-26,vehicle,Rep2,5,6.094171006277337e-12
9270,4929,2025-01-27,vehicle,Rep2,6,0.17425998457268377
9270,4929,2025-01-28,vehicle,Rep2,7,7.879953455307563e-29
9270,4929,2025-01-29,vehicle,Rep2,8,0.9485182544848441
9270,4929,2025-01-30,vehicle,Rep2,9,0.9479911380173426
9270,4929,2025-01-31,vehicle,Rep2,10,0.8383764766062688
9270,4929,2025-02-01,vehicle,Rep2,11,0.8872930901322024
9270,4929,2025-02-02,vehicle,Rep2,12,0.9337342835304259
9270,4929,2025-02-03,vehicle,Rep2,13,0.9104079365522245
9271,4929,2025-01-23,vehicle,Rep2,2,4.625752458004541e-17
9271,4929,2025-01-24,vehicle,Rep2,3,1.0150771511506053e-20
9271,4929,2025-01-25,vehicle,Rep2,4,4.693152017771994e-08
9271,4929,2025-01-26,vehicle,Rep2,5,1.2944713677189417e-38
9271,4929,2025-01-27,vehicle,Rep2,6,0.9708751143033917
9271,4929,2025-01-28,vehicle,Rep2,7,1.4679747893836941e-28
9271,4929,2025-01-29,vehicle,Rep2,8,0.9999111421607528
9271,4929,2025-01-30,vehicle,Rep2,9,0.9996887143817963
9271,4929,2025-01-31,vehicle,Rep2,10,0.9999400179132605
9271,4929,2025-02-01,vehicle,Rep2,11,0.9999544399099389
9271,4929,2025-02-02,vehicle,Rep2,12,0.9999638444609584
9271,4929,2025-02-03,vehicle,Rep2,13,0.9999539511160688
9272,4934,2025-01-23,vehicle,Rep2,2,0.003962156257258111
9272,4934,2025-01-24,vehicle,Rep2,3,0.9886487677074489
9272,4934,2025-01-25,vehicle,Rep2,4,0.025522308525804414
9272,4934,2025-01-26,vehicle,Rep2,5,0.9999582726945069
9272,4934,2025-01-27,vehicle,Rep2,6,2.5014430334619005e-05
9272,4934,2025-01-28,vehicle,Rep2,7,0.9922541343148323
9272,4934,2025-01-29,vehicle,Rep2,8,0.9999998877756082
9272,4934,2025-01-30,vehicle,Rep2,9,0.9999999973351399
9272,4934,2025-01-31,vehicle,Rep2,10,0.9999992627526471
9272,4934,2025-02-01,vehicle,Rep2,11,0.9999999994655118
9272,4934,2025-02-02,vehicle,Rep2,12,0.9999999995756417
9272,4934,2025-02-03,vehicle,Rep2,13,0.9999995765443617
9272,4934,2025-02-04,vehicle,Rep2,14,0.9997350123355486
9273,4934,2025-01-23,vehicle,Rep2,2,2.0730685870299763e-05
9273,4934,2025-01-24,vehicle,Rep2,3,8.266335868530638e-05
9273,4934,2025-01-25,vehicle,Rep2,4,0.9999999817896245
9273,4934,2025-01-26,vehicle,Rep2,5,0.9999999999989901
9273,4934,2025-01-27,vehicle,Rep2,6,0.9999999954663095
9273,4934,2025-01-28,vehicle,Rep2,7,0.0006638847923140334
9273,4934,2025-01-29,vehicle,Rep2,8,0.9999998570446658
9273,4934,2025-01-30,vehicle,Rep2,9,0.9999999999999838
9273,4934,2025-01-31,vehicle,Rep2,10,0.9999992495385996
9273,4934,2025-02-01,vehicle,Rep2,11,0.999999697640598
9273,4934,2025-02-02,vehicle,Rep2,12,1.0
9273,4934,2025-02-03,vehicle,Rep2,13,1.0
9273,4934,2025-02-04,vehicle,Rep2,14,0.016254322527563998
9274,4934,2025-01-23,vehicle,Rep2,2,1.3541472742718918e-50
9274,4934,2025-01-24,vehicle,Rep2,3,0.9564606774498701
9274,4934,2025-01-25,vehicle,Rep2,4,1.9509047419892746e-91
9274,4934,2025-01-26,vehicle,Rep2,5,7.4227180913370714e-06
9274,4934,2025-01-27,vehicle,Rep2,6,2.1781410668781144e-24
9274,4934,2025-01-28,vehicle,Rep2,7,3.21288885133244e-34
9274,4934,2025-01-29,vehicle,Rep2,8,0.8840421246687119
9274,4934,2025-01-30,vehicle,Rep2,9,5.734095274181853e-30
9274,4934,2025-01-31,vehicle,Rep2,10,4.350418201436726e-28
9274,4934,2025-02-01,vehicle,Rep2,11,4.763669698996316e-24
9274,4934,2025-02-02,vehicle,Rep2,12,1.7669411881714255e-23
9274,4934,2025-02-03,vehicle,Rep2,13,9.134333968396155e-52
9274,4934,2025-02-04,vehicle,Rep2,14,6.750340761915613e-123
